Size, InsertTime
100,0.000129279
500,0.00192263
1000,0.00714064
5000,0.12816
10000,0.489816
